round,source,stance,person_id,name,team,model_xpts
1,Basketball Sphere – Fantasy,pick,009846,"BRYANT, ELIJAH",HTA,17.0
1,Basketball Sphere – Fantasy,pick,007975,"FRANCISCO, SYLVAIN",PAN,20.28
1,Basketball Sphere – Fantasy,pick,013369,"JONES, CARLIK",PAR,18.5
1,Basketball Sphere – Fantasy,pick,013250,"DEJULIUS, DAVID",BES,0.0
1,Basketball Sphere – Fantasy,pick,011052,"MADAR, YAM",TEL,8.96
1,Basketball Sphere – Fantasy,pick,010106,"NUNEZ, JUAN",BAR,0.0
1,Basketball Sphere – Fantasy,captain,003469,"VEZENKOV, SASHA",OLY,26.87
1,Basketball Sphere – Fantasy,pick,010357,"YABUSELE, GUERSCHON",PAN,14.35
1,Basketball Sphere – Fantasy,pick,014207,"OMORUYI, EUGENE",BES,11.72
1,Basketball Sphere – Fantasy,pick,014009,"STEVENS, LAMAR",PAR,8.32
1,Basketball Sphere – Fantasy,pick,007464,"PARRA, JOEL",BAR,3.43
1,Basketball Sphere – Fantasy,pick,014107,"JOKSIMOVIC, STEFAN",BAS,0.0
1,Basketball Sphere – Fantasy,pick,000898,"VALANCIUNAS, JONAS",ZAL,23.57
1,EuroBallin (Substack),pick,012608,"SHORTS, TJ",PAM,7.56
1,EuroBallin (Substack),pick,002580,"MICIC, VASILIJE",HTA,8.96
1,EuroBallin (Substack),pick,013367,"FORREST, TRENT",ULK,14.46
1,EuroBallin (Substack),pick,010781,"LUNDBERG, IFFE",TEL,4.29
1,EuroBallin (Substack),pick,008173,"SPAGNOLO, MATTEO",BAS,6.84
1,EuroBallin (Substack),pick,013363,"NWORA, JORDAN",RED,12.51
1,EuroBallin (Substack),pick,000796,"MIROTIC, NIKOLA",PAM,12.36
1,EuroBallin (Substack),pick,009783,"COLSON, BONZIE",TEL,4.61
1,EuroBallin (Substack),pick,014168,"KEY, BRAXTON",ULK,7.09
1,EuroBallin (Substack),pick,012878,"WRIGHT, MOSES",MIL,17.59
1,EuroBallin (Substack),pick,011196,"HALL, DONTA",OLY,11.21
1,EuroBallin (Substack),pick,013667,"FERNANDO, BRUNO",IST,5.83
1,EuroBallin (Substack),pick,005637,"TANASKOVIC, NIKOLA",PAR,0.0
1,EuroLeague Fantasy Tips (official),pick,013278,"WILEY, AUSTIN",MUN,4.02
1,EuroLeague Fantasy Tips (official),pick,014010,"DOKOSSI, ALLAN",PRS,9.04
1,EuroLeague Fantasy Tips (official),pick,010390,"HAYES, KEVARRIUS",PAR,7.81
1,EuroLeague Fantasy Tips (official),pick,012080,"LUWAWU-CABARROT, TIMOTHE",MAD,9.97
1,EuroLeague Fantasy Tips (official),pick,008084,"MANTZOUKAS, ELEFTHERIOS",PAN,13.25
1,EuroLeague Fantasy Tips (official),pick,007982,"WILLIAMS-GOSS, NIGEL",ZAL,4.91
1,EuroLeague Fantasy Tips (official),pick,011706,"SAINT-SUPERY, MARIO",PAM,0.0
